#,username,email
1,charlie,charlie@example.com
2,niaj,niaj@example.com
3,diana, diana@example.com 
4,niaj,niaj@example.com
5,heidi,heidi@example.com
6, quentin ,quentin@example.com
7,sybil,sybil@example.com
8,alice,alice@example.com
9,ivan,ivan@example.com
10,quentin,quentin@example.com
11,niaj,niaj@example.com
12,frank,frank@example.com
13,ivan,ivan@example.com
14,olivia,olivia@example.com
15, judy ,judy@example.com
16,uma,uma@example.com
17,alice,alice@example.com
18,heidi,heidi@example.com
19,olivia,olivia@example.com
20,judy,judy@example.com
21,eve,eve@example.com
22,sybil,sybil@example.com
23, sybil ,sybil@example.com
24,niaj,niaj@example.com
25,frank,frank@example.com
26,charlie,charlie@example.com
27,eve,eve@example.com
28,charlie,charlie@example.com
29,uma,uma@example.com
30,quentin,quentin@example.com
31,rupert, rupert@example.com 
32, sybil ,sybil@example.com
33,niaj, niaj@example.com 
34,frank, frank@example.com 
35,quentin,quentin@example.com
36,victor,victor@example.com
37,quentin,quentin@example.com
38,uma,uma@example.com
39,grace,grace@example.com
40,grace,grace@example.com
41,rupert,rupert@example.com
42,eve, eve@example.com 
43,niaj,niaj@example.com
44,trent,trent@example.com
45,frank,frank@example.com
46,diana,diana@example.com
47,quentin, quentin@example.com 
48,grace,grace@example.com
49,trent, trent@example.com 
50,rupert,rupert@example.com
51,grace,grace@example.com
52,quentin,quentin@example.com
53,diana, diana@example.com 
54,bob,bob@example.com
55,mallory,mallory@example.com
56,ivan, ivan@example.com 
57, alice ,alice@example.com
58,victor,victor@example.com
59,uma,uma@example.com
60,heidi,heidi@example.com
61,charlie,charlie@example.com
62,quentin,quentin@example.com
63,peggy,peggy@example.com
64,uma,uma@example.com
65,mallory,mallory@example.com
66, rupert ,rupert@example.com
67,mallory,mallory@example.com
68,olivia,olivia@example.com
69,heidi,heidi@example.com
70,olivia,olivia@example.com
71,frank,frank@example.com
72,charlie,charlie@example.com
73,uma,uma@example.com
74,uma,uma@example.com
75, sybil ,sybil@example.com
76,grace,grace@example.com
77,uma,uma@example.com
78,peggy,peggy@example.com
79,uma,uma@example.com
80,uma,uma@example.com
81,rupert, rupert@example.com 
82,ivan,ivan@example.com
83,olivia,olivia@example.com
84,quentin,quentin@example.com
85,heidi,heidi@example.com
86,judy,judy@example.com
87,frank,frank@example.com
88,peggy,peggy@example.com
89, frank ,frank@example.com
90,heidi,heidi@example.com
91,grace,grace@example.com
92,alice,alice@example.com
93,olivia,olivia@example.com
94,diana, diana@example.com 
95,sybil, sybil@example.com 
96,niaj,niaj@example.com
97,victor,victor@example.com
98,peggy,peggy@example.com
99,grace,grace@example.com
100,peggy,peggy@example.com
101,quentin,quentin@example.com
102,ivan,ivan@example.com
103,trent,trent@example.com
104, victor , victor@example.com 
105,grace,grace@example.com
106,sybil,sybil@example.com
107,diana,diana@example.com
108,rupert,rupert@example.com
109,olivia,olivia@example.com
110, alice , alice@example.com 
111,niaj,niaj@example.com
112,bob,bob@example.com
113,quentin,quentin@example.com
114,rupert,rupert@example.com
115,eve, eve@example.com 
116,grace,grace@example.com
117, niaj ,niaj@example.com
118,niaj,niaj@example.com
119,uma, uma@example.com 
120,sybil,sybil@example.com
121,victor,victor@example.com
122,heidi,heidi@example.com
123,ivan,ivan@example.com
124,frank,frank@example.com
125,sybil,sybil@example.com
126,grace,grace@example.com
127,alice,alice@example.com
128,charlie,charlie@example.com
129,charlie, charlie@example.com 
130,peggy,peggy@example.com
131,mallory,mallory@example.com
132,bob,bob@example.com
133,judy,judy@example.com
134,uma,uma@example.com
135,bob,bob@example.com
136,olivia, olivia@example.com 
137,alice,alice@example.com
138,niaj,niaj@example.com
139,peggy,peggy@example.com
140,alice,alice@example.com
141, olivia ,olivia@example.com
142,trent,trent@example.com
143,ivan,ivan@example.com
144,bob,bob@example.com
145,victor,victor@example.com
146,rupert,rupert@example.com
147,olivia,olivia@example.com
148,charlie,charlie@example.com
149,charlie,charlie@example.com
150,eve,eve@example.com
151,uma,uma@example.com
152,grace,grace@example.com
153,bob,bob@example.com
154,charlie,charlie@example.com
155,victor,victor@example.com
156,peggy,peggy@example.com
157,uma,uma@example.com
158,trent,trent@example.com
159,peggy,peggy@example.com
160,trent,trent@example.com
161,trent,trent@example.com
162,sybil,sybil@example.com
163,quentin,quentin@example.com
164,uma,uma@example.com
165,charlie,charlie@example.com
166, trent ,trent@example.com
167,trent, trent@example.com 
168,quentin,quentin@example.com
169, diana ,diana@example.com
170,mallory,mallory@example.com
171,charlie,charlie@example.com
172,charlie,charlie@example.com
173,victor,victor@example.com
174, frank ,frank@example.com
175,rupert,rupert@example.com
176,sybil,sybil@example.com
177,victor,victor@example.com
178,mallory,mallory@example.com
179,niaj,niaj@example.com
180,eve,eve@example.com
181,sybil,sybil@example.com
182,charlie, charlie@example.com 
183,alice,alice@example.com
184,grace,grace@example.com
185,mallory,mallory@example.com
186,olivia,olivia@example.com
187,bob,bob@example.com
188,peggy,peggy@example.com
189, mallory ,mallory@example.com
190,niaj,niaj@example.com
191,uma,uma@example.com
192,bob,bob@example.com
193, sybil , sybil@example.com 
194,frank,frank@example.com
195,quentin,quentin@example.com
196,mallory,mallory@example.com
197,niaj,niaj@example.com
198,diana,diana@example.com
199,charlie, charlie@example.com 
200, rupert ,rupert@example.com
201,judy,judy@example.com
202,sybil,sybil@example.com
203,olivia,olivia@example.com
204,sybil, sybil@example.com 
205,diana,diana@example.com
206,grace,grace@example.com
207, rupert ,rupert@example.com
208,grace,grace@example.com
209,rupert,rupert@example.com
210, frank ,frank@example.com
211, quentin ,quentin@example.com
212,heidi, heidi@example.com 
213,victor,victor@example.com
214,trent,trent@example.com
215,eve,eve@example.com
216,olivia,olivia@example.com
217,niaj,niaj@example.com
218,ivan,ivan@example.com
219,alice,alice@example.com
220,ivan,ivan@example.com
221,quentin,quentin@example.com
222,ivan,ivan@example.com
223,charlie,charlie@example.com
224,heidi, heidi@example.com 
225,sybil,sybil@example.com
226, olivia ,olivia@example.com
227,niaj,niaj@example.com
228,mallory,mallory@example.com
229,peggy,peggy@example.com
230,eve,eve@example.com
231,olivia,olivia@example.com
232,sybil,sybil@example.com
233,bob,bob@example.com
234,eve,eve@example.com
235,mallory, mallory@example.com 
236,eve,eve@example.com
237,heidi,heidi@example.com
238, heidi ,heidi@example.com
239,judy, judy@example.com 
240,olivia,olivia@example.com
241,victor, victor@example.com 
242, eve ,eve@example.com
243,charlie,charlie@example.com
244,mallory,mallory@example.com
245,uma,uma@example.com
246,mallory,mallory@example.com
247,peggy,peggy@example.com
248,eve,eve@example.com
249,bob,bob@example.com
250,victor,victor@example.com
251,victor, victor@example.com 
252, rupert ,rupert@example.com
253,heidi,heidi@example.com
254,olivia,olivia@example.com
255,alice,alice@example.com
256,trent,trent@example.com
257,uma,uma@example.com
258,frank, frank@example.com 
259,heidi,heidi@example.com
260,alice,alice@example.com
261,trent,trent@example.com
262,grace,grace@example.com
263,charlie,charlie@example.com
264,ivan,ivan@example.com
265,eve, eve@example.com 
266,charlie,charlie@example.com
267,rupert,rupert@example.com
268,uma,uma@example.com
269,uma,uma@example.com
270,alice,alice@example.com
271,niaj,niaj@example.com
272,victor,victor@example.com
273,charlie,charlie@example.com
274,ivan,ivan@example.com
275,alice,alice@example.com
276, charlie , charlie@example.com 
277,trent,trent@example.com
278,sybil,sybil@example.com
279,victor,victor@example.com
280,victor,victor@example.com
281,peggy,peggy@example.com
282,charlie,charlie@example.com
283,victor,victor@example.com
284,ivan,ivan@example.com
285,quentin,quentin@example.com
286,mallory,mallory@example.com
287,quentin,quentin@example.com
288,heidi,heidi@example.com
289, eve ,eve@example.com
290,grace,grace@example.com
291,victor,victor@example.com
292,diana,diana@example.com
293,grace,grace@example.com
294,sybil,sybil@example.com
295,peggy,peggy@example.com
296,judy,judy@example.com
297, rupert ,rupert@example.com
298, grace ,grace@example.com
299,frank,frank@example.com
300,diana,diana@example.com
301,bob,bob@example.com
302,ivan,ivan@example.com
303,heidi, heidi@example.com 
304,peggy,peggy@example.com
305,alice,alice@example.com
306,bob,bob@example.com
307,alice,alice@example.com
308,peggy,peggy@example.com
309, ivan ,ivan@example.com
310,eve,eve@example.com
311,olivia,olivia@example.com
312,sybil,sybil@example.com
313,grace,grace@example.com
314,diana,diana@example.com
315,diana,diana@example.com
316,olivia,olivia@example.com
317,alice,alice@example.com
318, judy ,judy@example.com
319,victor,victor@example.com
320, diana ,diana@example.com
321,alice,alice@example.com
322,trent,trent@example.com
323,rupert,rupert@example.com
324,eve,eve@example.com
325,victor,victor@example.com
326,judy,judy@example.com
327,heidi,heidi@example.com
328,judy,judy@example.com
329,alice, alice@example.com 
330,uma,uma@example.com
331, niaj ,niaj@example.com
332,alice,alice@example.com
333, victor ,victor@example.com
334,judy,judy@example.com
335,heidi,heidi@example.com
336,heidi,heidi@example.com
337, frank ,frank@example.com
338,peggy,peggy@example.com
339,frank,frank@example.com
340,diana,diana@example.com
341,olivia,olivia@example.com
342, ivan ,ivan@example.com
343,niaj,niaj@example.com
344,diana,diana@example.com
345,heidi,heidi@example.com
346,frank,frank@example.com
347,niaj,niaj@example.com
348,sybil,sybil@example.com
349,sybil, sybil@example.com 
350, ivan ,ivan@example.com
351,olivia,olivia@example.com
352,eve,eve@example.com
353,diana,diana@example.com
354,heidi, heidi@example.com 
355,mallory,mallory@example.com
356,rupert,rupert@example.com
357,frank,frank@example.com
358, peggy ,peggy@example.com
359,mallory,mallory@example.com
360,judy,judy@example.com
361,judy,judy@example.com
362, peggy ,peggy@example.com
363,diana,diana@example.com
364,sybil,sybil@example.com
365,ivan,ivan@example.com
366,judy,judy@example.com
367, grace ,grace@example.com
368,frank,frank@example.com
369,peggy,peggy@example.com
370,diana,diana@example.com
371,mallory,mallory@example.com
372,ivan, ivan@example.com 
373,sybil,sybil@example.com
374,uma,uma@example.com
375,charlie,charlie@example.com
376,diana,diana@example.com
377, mallory ,mallory@example.com
378,niaj,niaj@example.com
379,frank,frank@example.com
380,judy,judy@example.com
